file,pulse_index,rise_time_ms,fall_time_ms,width_ms,gap_to_next_ms,period_ms,rise_1090_ms,fall_9010_ms
F0020CH1,0,-400.2145,-350.6075,49.6070,50.3903,99.9973,0.3084,0.3200
F0020CH1,1,-300.2172,-250.2073,50.0100,49.9862,99.9962,0.2924,0.3084
F0020CH1,2,-200.2211,-150.6179,49.6032,50.0067,99.6099,0.2975,0.3029
F0020CH1,3,-100.6111,-50.2226,50.3885,49.9476,100.3361,0.3141,0.3200
F0020CH1,4,-0.2750,49.7179,49.9929,49.6709,99.6639,0.6047,0.6125
F0020CH1,5,99.3889,149.3855,49.9966,50.3967,100.3933,0.3141,0.3084
F0020CH1,6,199.7821,249.3821,49.6000,50.0028,99.6028,0.3029,0.3029
F0020CH1,7,299.3849,349.0488,49.6639,50.7367,100.4005,0.3200,0.5860
F0020CH1,8,399.7855,450.5889,50.8034,48.8038,99.6073,0.3084,0.3141
F0021CH1,0,-400.6075,-350.6211,49.9865,50.0032,99.9897,0.3200,0.2975
F0021CH1,1,-300.6179,-250.2179,50.4000,49.5979,99.9979,0.3029,0.3029
F0021CH1,2,-200.6200,-149.4140,51.2060,49.1962,100.4021,0.3392,0.2975
F0021CH1,3,-100.2179,-50.2172,50.0006,50.0297,100.0304,0.3029,0.2924
F0021CH1,4,-0.1875,49.3789,49.5664,49.9969,99.5634,0.3533,0.2975
F0021CH1,5,99.3759,149.3609,49.9850,50.4181,100.4031,0.2924,0.4802
F0021CH1,6,199.7789,249.3700,49.5911,50.0121,99.6032,0.2975,0.2827
F0021CH1,7,299.3821,349.7821,50.4000,49.5123,99.9123,0.3029,0.3029
F0021CH1,8,399.2944,449.3889,50.0944,49.9901,100.0845,0.6288,0.3141
F0022CH1,0,-400.2175,-349.7872,50.4303,49.5697,100.0000,0.3032,0.3677
F0022CH1,1,-300.2175,-250.3086,49.9090,50.0910,100.0000,0.3032,0.6583
F0022CH1,2,-200.2175,-150.2246,49.9930,49.9509,99.9439,0.3032,0.3032
F0022CH1,3,-100.2737,-50.2246,50.0491,50.0070,100.0561,0.5796,0.3032
F0022CH1,4,-0.2175,49.7818,49.9994,50.0108,100.0101,0.3032,0.3142
F0022CH1,5,99.7926,149.7786,49.9860,50.0105,99.9965,0.3200,0.3086
F0022CH1,6,199.7891,249.7898,50.0007,49.9913,99.9920,0.3142,0.2929
F0022CH1,7,299.7811,349.7793,49.9982,50.0031,100.0013,0.3260,0.2979
F0022CH1,8,399.7825,449.7745,49.9921,nan,nan,0.3032,0.3142
F0023CH1,0,-400.2179,-350.1316,50.0863,49.9205,100.0067,0.3029,0.6224
F0023CH1,1,-300.2111,-249.8391,50.3720,49.6562,100.0281,0.3141,0.4995
F0023CH1,2,-200.1830,-150.1957,49.9873,50.0223,100.0096,0.3609,0.3687
F0023CH1,3,-100.1733,-50.1696,50.0038,49.9656,99.9693,0.4751,0.4899
F0023CH1,4,-0.2040,49.8082,50.0122,49.9740,99.9861,0.3392,0.3461
F0023CH1,5,99.7821,149.8615,50.0794,49.9274,100.0067,0.3029,0.6126
F0023CH1,6,199.7889,249.8000,50.0111,49.9925,100.0036,0.3141,0.3325
F0023CH1,7,299.7925,349.7789,49.9865,50.0099,99.9964,0.3200,0.2975
F0023CH1,8,399.7889,449.7849,49.9960,nan,nan,0.3141,0.3200
F0024CH1,0,-400.2179,-350.2073,50.0106,49.9831,99.9937,0.3029,0.3084
F0024CH1,1,-300.2241,-250.2179,50.0063,50.0000,100.0063,0.2924,0.3029
F0024CH1,2,-200.2179,-150.2111,50.0067,49.9976,100.0043,0.3029,0.3141
F0024CH1,3,-100.2136,-50.2179,49.9957,50.0349,100.0306,0.2875,0.3029
F0024CH1,4,-0.1830,49.7821,49.9651,50.0000,99.9651,0.3609,0.3029
F0024CH1,5,99.7821,150.5855,50.8033,49.2070,100.0103,0.3029,0.3084
F0024CH1,6,199.7925,249.7789,49.9865,50.0000,99.9865,0.3200,0.2975
F0024CH1,7,299.7789,349.7821,50.0032,50.0000,100.0032,0.2975,0.3029
F0024CH1,8,399.7821,449.7821,50.0000,nan,nan,0.3029,0.3029
F0025CH1,0,-400.1800,-350.1962,49.9838,50.0132,99.9970,0.3392,0.3262
F0025CH1,1,-300.1830,-250.1962,49.9868,49.9816,99.9684,0.3609,0.3262
F0025CH1,2,-200.2145,-149.3571,50.8574,49.1460,100.0034,0.3084,0.5679
F0025CH1,3,-100.2111,-50.1875,50.0236,50.0247,100.0483,0.3141,0.3533
F0025CH1,4,-0.1628,49.8000,49.9628,49.9962,99.9589,0.5450,0.3325
F0025CH1,5,99.7962,149.8120,50.0158,49.9735,99.9893,0.3262,0.3392
F0025CH1,6,199.7855,250.1644,50.3790,49.6280,100.0070,0.3084,0.4879
F0025CH1,7,299.7925,349.8040,50.0115,49.9815,99.9930,0.3200,0.3392
F0025CH1,8,399.7855,449.8000,50.0145,nan,nan,0.3084,0.3325
F0026CH1,0,-499.9778,-450.1512,49.8266,50.0062,99.8328,0.6281,0.5860
F0026CH1,1,-400.1450,-350.1628,49.9822,50.1406,100.1228,0.5632,0.5450
F0026CH1,2,-300.0222,-250.1243,49.8979,49.9927,99.8906,0.6515,0.6307
F0026CH1,3,-200.1316,-150.1535,49.9781,50.0792,100.0573,0.6224,0.5596
F0026CH1,4,-100.0743,-49.8111,50.2632,49.6281,99.8913,0.5966,0.3141
F0026CH1,5,-0.1830,49.8170,50.0000,50.0000,100.0000,0.3609,0.3609
F0026CH1,6,99.8170,149.8488,50.0318,50.0062,100.0380,0.3609,0.5860
F0026CH1,7,199.8550,249.8125,49.9575,49.9957,99.9532,0.6006,0.3533
F0026CH1,8,299.8082,349.8882,50.0801,49.9079,99.9880,0.3461,0.6537
F0026CH1,9,399.7962,450.2038,50.4077,nan,nan,0.3262,0.3262
F0027CH1,0,-399.8619,-350.1316,49.7303,49.9804,99.7107,0.5836,0.6224
F0027CH1,1,-300.1512,-250.1960,49.9552,50.2034,100.1586,0.5860,0.3392
F0027CH1,2,-199.9926,-149.9312,50.0613,49.7891,99.8505,0.6527,0.6826
F0027CH1,3,-100.1421,-50.0813,50.0609,50.1027,100.1635,0.6219,0.6557
F0027CH1,4,0.0214,49.9643,49.9429,49.9041,99.8470,0.6669,0.6638
F0027CH1,5,99.8684,149.7855,49.9170,50.1923,100.1094,0.6033,0.3084
F0027CH1,6,199.9778,250.0882,50.1105,49.6972,99.8077,0.6394,0.6421
F0027CH1,7,299.7855,349.9290,50.1436,49.9897,100.1333,0.3084,0.6585
F0027CH1,8,399.9188,449.9091,49.9903,nan,nan,0.6729,0.6523
F0028CH1,0,-400.2111,-349.8179,50.3933,49.6103,100.0036,0.3141,0.3029
F0028CH1,1,-300.2075,-250.2107,49.9968,49.9929,99.9897,0.3200,0.3029
F0028CH1,2,-200.2179,-150.2179,50.0000,50.8103,100.8103,0.3029,0.3029
F0028CH1,3,-99.4075,-50.2111,49.1964,49.9901,99.1865,0.3200,0.3141
F0028CH1,4,-0.2211,50.6304,50.8515,49.1657,100.0172,0.2975,0.4672
F0028CH1,5,99.7962,150.5821,50.7860,49.2033,99.9893,0.3262,0.3029
F0028CH1,6,199.7855,249.7789,49.9935,50.0065,100.0000,0.3084,0.2975
F0028CH1,7,299.7855,349.7897,50.0042,50.7893,100.7935,0.3084,0.2924
F0028CH1,8,400.5789,449.8082,49.2292,nan,nan,0.2975,0.3461
F0029CH1,0,-400.2000,-349.8211,50.3789,49.6000,99.9789,0.3769,0.2975
F0029CH1,1,-300.2211,-250.2259,49.9951,50.0379,100.0331,0.2975,0.3141
F0029CH1,2,-200.1880,-150.1875,50.0005,50.0045,100.0050,0.3392,0.3533
F0029CH1,3,-100.1830,-50.2179,49.9651,50.0179,99.9830,0.3609,0.3029
F0029CH1,4,-0.2000,49.8170,50.0170,49.9651,99.9821,0.3325,0.3609
F0029CH1,5,99.7821,149.7759,49.9937,50.0366,100.0304,0.3029,0.2924
F0029CH1,6,199.8125,249.8120,49.9995,49.9701,99.9696,0.3533,0.3392
F0029CH1,7,299.7821,349.8615,50.0794,50.0385,100.1179,0.3029,0.6126
F0029CH1,8,399.9000,450.1962,50.2962,nan,nan,0.6482,0.3262
